name,type1,type2,base_total,attack,defense,hp,sp_attack,sp_defense,speed,base_egg_steps,base_happiness,capture_rate,experience_growth,height_m,weight_kg,generation,is_legendary
Bulbasaur,grass,poison,318,49,49,45,65,65,45,5120,70,45,1059860,0.7,6.9,1,0
Ivysaur,grass,poison,405,62,63,60,80,80,60,5120,70,45,1059860,1,13,1,0
Venusaur,grass,poison,625,100,123,80,122,120,80,5120,70,45,1059860,2,100,1,0
Charmander,fire,,309,52,43,39,60,50,65,5120,70,45,1059860,0.6,8.5,1,0
Charmeleon,fire,,405,64,58,58,80,65,80,5120,70,45,1059860,1.1,19,1,0
Charizard,fire,flying,634,104,78,78,159,115,100,5120,70,45,1059860,1.7,90.5,1,0
Squirtle,water,,314,48,65,44,50,64,43,5120,70,45,1059860,0.5,9,1,0
Wartortle,water,,405,63,80,59,65,80,58,5120,70,45,1059860,1,22.5,1,0
Blastoise,water,,630,103,120,79,135,115,78,5120,70,45,1059860,1.6,85.5,1,0
Caterpie,bug,,195,30,35,45,20,20,45,3840,70,255,1000000,0.3,2.9,1,0
Metapod,bug,,205,20,55,50,25,25,30,3840,70,120,1000000,0.7,9.9,1,0
Butterfree,bug,flying,395,45,50,60,90,80,70,3840,70,45,1000000,1.1,32,1,0
Weedle,bug,poison,195,35,30,40,20,20,50,3840,70,255,1000000,0.3,3.2,1,0
Kakuna,bug,poison,205,25,50,45,25,25,35,3840,70,120,1000000,0.6,10,1,0
Beedrill,bug,poison,495,150,40,65,15,80,145,3840,70,45,1000000,1,29.5,1,0
Pidgey,normal,flying,251,45,40,40,35,35,56,3840,70,255,1059860,0.3,1.8,1,0
Pidgeotto,normal,flying,349,60,55,63,50,50,71,3840,70,120,1059860,1.1,30,1,0
Pidgeot,normal,flying,579,80,80,83,135,80,121,3840,70,45,1059860,1.5,39.5,1,0
Rattata,normal,dark,253,56,35,30,25,35,72,3840,70,255,1000000,,,1,0
Raticate,normal,dark,413,71,70,75,40,80,77,3840,70,127,1000000,,,1,0
Spearow,normal,flying,262,60,30,40,31,31,70,3840,70,255,1000000,0.3,2,1,0
Fearow,normal,flying,442,90,65,65,61,61,100,3840,70,90,1000000,1.2,38,1,0
Ekans,poison,,288,60,44,35,40,54,55,5120,70,255,1000000,2,6.9,1,0
Arbok,poison,,448,95,69,60,65,79,80,5120,70,90,1000000,3.5,65,1,0
Pikachu,electric,,320,55,40,35,50,50,90,2560,70,190,1000000,0.4,6,1,0
Raichu,electric,electric,485,85,50,60,95,85,110,2560,70,75,1000000,,,1,0
Sandshrew,ground,ice,300,75,90,50,10,35,40,5120,70,255,1000000,,,1,0
Sandslash,ground,ice,450,100,120,75,25,65,65,5120,70,90,1000000,,,1,0
Nidoran‚ôÄ,poison,,275,47,52,55,40,40,41,5120,70,235,1059860,0.4,7,1,0
Nidorina,poison,,365,62,67,70,55,55,56,5120,70,120,1059860,0.8,20,1,0
Nidoqueen,poison,ground,505,92,87,90,75,85,76,5120,70,45,1059860,1.3,60,1,0
Nidoran‚ôÇ,poison,,273,57,40,46,40,40,50,5120,70,235,1059860,0.5,9,1,0
Nidorino,poison,,365,72,57,61,55,55,65,5120,70,120,1059860,0.9,19.5,1,0
Nidoking,poison,ground,505,102,77,81,85,75,85,5120,70,45,1059860,1.4,62,1,0
Clefairy,fairy,,323,45,48,70,60,65,35,2560,140,150,800000,0.6,7.5,1,0
Clefable,fairy,,483,70,73,95,95,90,60,2560,140,25,800000,1.3,40,1,0
Vulpix,fire,ice,299,41,40,38,50,65,65,5120,70,190,1000000,,,1,0
Ninetales,fire,ice,505,67,75,73,81,100,109,5120,70,75,1000000,,,1,0
Jigglypuff,normal,fairy,270,45,20,115,45,25,20,2560,70,170,800000,0.5,5.5,1,0
Wigglytuff,normal,fairy,435,70,45,140,85,50,45,2560,70,50,800000,1,12,1,0
Zubat,poison,flying,245,45,35,40,30,40,55,3840,70,255,1000000,0.8,7.5,1,0
Golbat,poison,flying,455,80,70,75,65,75,90,3840,70,90,1000000,1.6,55,1,0
Oddish,grass,poison,320,50,55,45,75,65,30,5120,70,255,1059860,0.5,5.4,1,0
Gloom,grass,poison,395,65,70,60,85,75,40,5120,70,120,1059860,0.8,8.6,1,0
Vileplume,grass,poison,490,80,85,75,110,90,50,5120,70,45,1059860,1.2,18.6,1,0
Paras,bug,grass,285,70,55,35,45,55,25,5120,70,190,1000000,0.3,5.4,1,0
Parasect,bug,grass,405,95,80,60,60,80,30,5120,70,75,1000000,1,29.5,1,0
Venonat,bug,poison,305,55,50,60,40,55,45,5120,70,190,1000000,1,30,1,0
Venomoth,bug,poison,450,65,60,70,90,75,90,5120,70,75,1000000,1.5,12.5,1,0
Diglett,ground,ground,265,55,30,10,35,45,90,5120,70,255,1000000,,,1,0
Dugtrio,ground,ground,425,100,60,35,50,70,110,5120,70,50,1000000,,,1,0
Meowth,normal,dark,290,35,35,40,50,40,90,5120,70,255,1000000,,,1,0
Persian,normal,dark,440,60,60,65,75,65,115,5120,70,90,1000000,,,1,0
Psyduck,water,,320,52,48,50,65,50,55,5120,70,190,1000000,0.8,19.6,1,0
Golduck,water,,500,82,78,80,95,80,85,5120,70,75,1000000,1.7,76.6,1,0
Mankey,fighting,,305,80,35,40,35,45,70,5120,70,190,1000000,0.5,28,1,0
Primeape,fighting,,455,105,60,65,60,70,95,5120,70,75,1000000,1,32,1,0
Growlithe,fire,,350,70,45,55,70,50,60,5120,70,190,1250000,0.7,19,1,0
Arcanine,fire,,555,110,80,90,100,80,95,5120,70,75,1250000,1.9,155,1,0
Poliwag,water,,300,50,40,40,40,40,90,5120,70,255,1059860,0.6,12.4,1,0
Poliwhirl,water,,385,65,65,65,50,50,90,5120,70,120,1059860,1,20,1,0
Poliwrath,water,fighting,510,95,95,90,70,90,70,5120,70,45,1059860,1.3,54,1,0
Abra,psychic,,310,20,15,25,105,55,90,5120,70,200,1059860,0.9,19.5,1,0
Kadabra,psychic,,400,35,30,40,120,70,105,5120,70,100,1059860,1.3,56.5,1,0
Alakazam,psychic,,600,50,65,55,175,105,150,5120,70,50,1059860,1.5,48,1,0
Machop,fighting,,305,80,50,70,35,35,35,5120,70,180,1059860,0.8,19.5,1,0
Machoke,fighting,,405,100,70,80,50,60,45,5120,70,90,1059860,1.5,70.5,1,0
Machamp,fighting,,505,130,80,90,65,85,55,5120,70,45,1059860,1.6,130,1,0
Bellsprout,grass,poison,300,75,35,50,70,30,40,5120,70,255,1059860,0.7,4,1,0
Weepinbell,grass,poison,390,90,50,65,85,45,55,5120,70,120,1059860,1,6.4,1,0
Victreebel,grass,poison,490,105,65,80,100,70,70,5120,70,45,1059860,1.7,15.5,1,0
Tentacool,water,poison,335,40,35,40,50,100,70,5120,70,190,1250000,0.9,45.5,1,0
Tentacruel,water,poison,515,70,65,80,80,120,100,5120,70,60,1250000,1.6,55,1,0
Geodude,rock,ground,300,80,100,40,30,30,20,3840,70,255,1059860,,,1,0
Graveler,rock,ground,390,95,115,55,45,45,35,3840,70,120,1059860,,,1,0
Golem,rock,ground,495,120,130,80,55,65,45,3840,70,45,1059860,,,1,0
Ponyta,fire,,410,85,55,50,65,65,90,5120,70,190,1000000,1,30,1,0
Rapidash,fire,,500,100,70,65,80,80,105,5120,70,60,1000000,1.7,95,1,0
Slowpoke,water,psychic,315,65,65,90,40,40,15,5120,70,190,1000000,1.2,36,1,0
Slowbro,water,psychic,590,75,180,95,130,80,30,5120,70,75,1000000,1.6,78.5,1,0
Magnemite,electric,steel,325,35,70,25,95,55,45,5120,70,190,1000000,0.3,6,1,0
Magneton,electric,steel,465,60,95,50,120,70,70,5120,70,60,1000000,1,60,1,0
Farfetch'd,normal,flying,377,90,55,52,58,62,60,5120,70,45,1000000,0.8,15,1,0
Doduo,normal,flying,310,85,45,35,35,35,75,5120,70,190,1000000,1.4,39.2,1,0
Dodrio,normal,flying,470,110,70,60,60,60,110,5120,70,45,1000000,1.8,85.2,1,0
Seel,water,,325,45,55,65,45,70,45,5120,70,190,1000000,1.1,90,1,0
Dewgong,water,ice,475,70,80,90,70,95,70,5120,70,75,1000000,1.7,120,1,0
Grimer,poison,poison,325,80,50,80,40,50,25,5120,70,190,1000000,,,1,0
Muk,poison,poison,500,105,75,105,65,100,50,5120,70,75,1000000,,,1,0
Shellder,water,,305,65,100,30,45,25,40,5120,70,190,1250000,0.3,4,1,0
Cloyster,water,ice,525,95,180,50,85,45,70,5120,70,60,1250000,1.5,132.5,1,0
Gastly,ghost,poison,310,35,30,30,100,35,80,5120,70,190,1059860,1.3,0.1,1,0
Haunter,ghost,poison,405,50,45,45,115,55,95,5120,70,90,1059860,1.6,0.1,1,0
Gengar,ghost,poison,600,65,80,60,170,95,130,5120,70,45,1059860,1.5,40.5,1,0
Onix,rock,ground,385,45,160,35,30,45,70,6400,70,45,1000000,8.8,210,1,0
Drowzee,psychic,,328,48,45,60,43,90,42,5120,70,190,1000000,1,32.4,1,0
Hypno,psychic,,483,73,70,85,73,115,67,5120,70,75,1000000,1.6,75.6,1,0
Krabby,water,,325,105,90,30,25,25,50,5120,70,225,1000000,0.4,6.5,1,0
Kingler,water,,475,130,115,55,50,50,75,5120,70,60,1000000,1.3,60,1,0
Voltorb,electric,,330,30,50,40,55,55,100,5120,70,190,1000000,0.5,10.4,1,0
Electrode,electric,,490,50,70,60,80,80,150,5120,70,60,1000000,1.2,66.6,1,0
Exeggcute,grass,psychic,325,40,80,60,60,45,40,5120,70,90,1250000,0.4,2.5,1,0
Exeggutor,grass,psychic,530,105,85,95,125,75,45,5120,70,45,1250000,,,1,0
Cubone,ground,,320,50,95,50,40,50,35,5120,70,190,1000000,0.4,6.5,1,0
Marowak,ground,fire,425,80,110,60,50,80,45,5120,70,75,1000000,,,1,0
Hitmonlee,fighting,,455,120,53,50,35,110,87,6400,70,45,1000000,1.5,49.8,1,0
Hitmonchan,fighting,,455,105,79,50,35,110,76,6400,70,45,1000000,1.4,50.2,1,0
Lickitung,normal,,385,55,75,90,60,75,30,5120,70,45,1000000,1.2,65.5,1,0
Koffing,poison,,340,65,95,40,60,45,35,5120,70,190,1000000,0.6,1,1,0
Weezing,poison,,490,90,120,65,85,70,60,5120,70,60,1000000,1.2,9.5,1,0
Rhyhorn,ground,rock,345,85,95,80,30,30,25,5120,70,120,1250000,1,115,1,0
Rhydon,ground,rock,485,130,120,105,45,45,40,5120,70,60,1250000,1.9,120,1,0
Chansey,normal,,450,5,5,250,35,105,50,10240,140,30,800000,1.1,34.6,1,0
Tangela,grass,,435,55,115,65,100,40,60,5120,70,45,1000000,1,35,1,0
Kangaskhan,normal,,590,125,100,105,60,100,100,5120,70,45,1000000,2.2,80,1,0
Horsea,water,,295,40,70,30,70,25,60,5120,70,225,1000000,0.4,8,1,0
Seadra,water,,440,65,95,55,95,45,85,5120,70,75,1000000,1.2,25,1,0
Goldeen,water,,320,67,60,45,35,50,63,5120,70,225,1000000,0.6,15,1,0
Seaking,water,,450,92,65,80,65,80,68,5120,70,60,1000000,1.3,39,1,0
Staryu,water,,340,45,55,30,70,55,85,5120,70,225,1250000,0.8,34.5,1,0
Starmie,water,psychic,520,75,85,60,100,85,115,5120,70,60,1250000,1.1,80,1,0
Mr. Mime,psychic,fairy,460,45,65,40,100,120,90,6400,70,45,1000000,1.3,54.5,1,0
Scyther,bug,flying,500,110,80,70,55,80,105,6400,70,45,1000000,1.5,56,1,0
Jynx,ice,psychic,455,50,35,65,115,95,95,6400,70,45,1000000,1.4,40.6,1,0
Electabuzz,electric,,490,83,57,65,95,85,105,6400,70,45,1000000,1.1,30,1,0
Magmar,fire,,495,95,57,65,100,85,93,6400,70,45,1000000,1.3,44.5,1,0
Pinsir,bug,,600,155,120,65,65,90,105,6400,70,45,1250000,1.5,55,1,0
Tauros,normal,,490,100,95,75,40,70,110,5120,70,45,1250000,1.4,88.4,1,0
Magikarp,water,,200,10,55,20,15,20,80,1280,70,255,1250000,0.9,10,1,0
Gyarados,water,flying,640,155,109,95,70,130,81,1280,70,45,1250000,6.5,235,1,0
Lapras,water,ice,535,85,80,130,85,95,60,10240,70,45,1250000,2.5,220,1,0
Ditto,normal,,288,48,48,48,48,48,48,5120,70,35,1000000,0.3,4,1,0
Eevee,normal,,325,55,50,55,45,65,55,8960,70,45,1000000,0.3,6.5,1,0
Vaporeon,water,,525,65,60,130,110,95,65,8960,70,45,1000000,1,29,1,0
Jolteon,electric,,525,65,60,65,110,95,130,8960,70,45,1000000,0.8,24.5,1,0
Flareon,fire,,525,130,60,65,95,110,65,8960,70,45,1000000,0.9,25,1,0
Porygon,normal,,395,60,70,65,85,75,40,5120,70,45,1000000,0.8,36.5,1,0
Omanyte,rock,water,355,40,100,35,90,55,35,7680,70,45,1000000,0.4,7.5,1,0
Omastar,rock,water,495,60,125,70,115,70,55,7680,70,45,1000000,1,35,1,0
Kabuto,rock,water,355,80,90,30,55,45,55,7680,70,45,1000000,0.5,11.5,1,0
Kabutops,rock,water,495,115,105,60,65,70,80,7680,70,45,1000000,1.3,40.5,1,0
Aerodactyl,rock,flying,615,135,85,80,70,95,150,8960,70,45,1250000,1.8,59,1,0
Snorlax,normal,,540,110,65,160,65,110,30,10240,70,25,1250000,2.1,460,1,0
Articuno,ice,flying,580,85,100,90,95,125,85,20480,35,3,1250000,1.7,55.4,1,1
Zapdos,electric,flying,580,90,85,90,125,90,100,20480,35,3,1250000,1.6,52.6,1,1
Moltres,fire,flying,580,100,90,90,125,85,90,20480,35,3,1250000,2,60,1,1
Dratini,dragon,,300,64,45,41,50,50,50,10240,35,45,1250000,1.8,3.3,1,0
Dragonair,dragon,,420,84,65,61,70,70,70,10240,35,45,1250000,4,16.5,1,0
Dragonite,dragon,flying,600,134,95,91,100,100,80,10240,35,45,1250000,2.2,210,1,0
Mewtwo,psychic,,780,150,70,106,194,120,140,30720,0,3,1250000,2,122,1,1
Mew,psychic,,600,100,100,100,100,100,100,30720,100,45,1059860,0.4,4,1,1
Chikorita,grass,,318,49,65,45,49,65,45,5120,70,45,1059860,0.9,6.4,2,0
Bayleef,grass,,405,62,80,60,63,80,60,5120,70,45,1059860,1.2,15.8,2,0
Meganium,grass,,525,82,100,80,83,100,80,5120,70,45,1059860,1.8,100.5,2,0
Cyndaquil,fire,,309,52,43,39,60,50,65,5120,70,45,1059860,0.5,7.9,2,0
Quilava,fire,,405,64,58,58,80,65,80,5120,70,45,1059860,0.9,19,2,0
Typhlosion,fire,,534,84,78,78,109,85,100,5120,70,45,1059860,1.7,79.5,2,0
Totodile,water,,314,65,64,50,44,48,43,5120,70,45,1059860,0.6,9.5,2,0
Croconaw,water,,405,80,80,65,59,63,58,5120,70,45,1059860,1.1,25,2,0
Feraligatr,water,,530,105,100,85,79,83,78,5120,70,45,1059860,2.3,88.8,2,0
Sentret,normal,,215,46,34,35,35,45,20,3840,70,255,1000000,0.8,6,2,0
Furret,normal,,415,76,64,85,45,55,90,3840,70,90,1000000,1.8,32.5,2,0
Hoothoot,normal,flying,262,30,30,60,36,56,50,3840,70,255,1000000,0.7,21.2,2,0
Noctowl,normal,flying,452,50,50,100,86,96,70,3840,70,90,1000000,1.6,40.8,2,0
Ledyba,bug,flying,265,20,30,40,40,80,55,3840,70,255,800000,1,10.8,2,0
Ledian,bug,flying,390,35,50,55,55,110,85,3840,70,90,800000,1.4,35.6,2,0
Spinarak,bug,poison,250,60,40,40,40,40,30,3840,70,255,800000,0.5,8.5,2,0
Ariados,bug,poison,400,90,70,70,60,70,40,3840,70,90,800000,1.1,33.5,2,0
Crobat,poison,flying,535,90,80,85,70,80,130,3840,70,90,1000000,1.8,75,2,0
Chinchou,water,electric,330,38,38,75,56,56,67,5120,70,190,1250000,0.5,12,2,0
Lanturn,water,electric,460,58,58,125,76,76,67,5120,70,75,1250000,1.2,22.5,2,0
Pichu,electric,,205,40,15,20,35,35,60,2560,70,190,1000000,0.3,2,2,0
Cleffa,fairy,,218,25,28,50,45,55,15,2560,140,150,800000,0.3,3,2,0
Igglybuff,normal,fairy,210,30,15,90,40,20,15,2560,70,170,800000,0.3,1,2,0
Togepi,fairy,,245,20,65,35,40,65,20,2560,70,190,800000,0.3,1.5,2,0
Togetic,fairy,flying,405,40,85,55,80,105,40,2560,70,75,800000,0.6,3.2,2,0
Natu,psychic,flying,320,50,45,40,70,45,70,5120,70,190,1000000,0.2,2,2,0
Xatu,psychic,flying,470,75,70,65,95,70,95,5120,70,75,1000000,1.5,15,2,0
Mareep,electric,,280,40,40,55,65,45,35,5120,70,235,1059860,0.6,7.8,2,0
Flaaffy,electric,,365,55,55,70,80,60,45,5120,70,120,1059860,0.8,13.3,2,0
Ampharos,electric,,610,95,105,90,165,110,45,5120,70,45,1059860,1.4,61.5,2,0
Bellossom,grass,,490,80,95,75,90,100,50,5120,70,45,1059860,0.4,5.8,2,0
Marill,water,fairy,250,20,50,70,20,50,40,2560,70,190,800000,0.4,8.5,2,0
Azumarill,water,fairy,420,50,80,100,60,80,50,2560,70,75,800000,0.8,28.5,2,0
Sudowoodo,rock,,410,100,115,70,30,65,30,5120,70,65,1000000,1.2,38,2,0
Politoed,water,,500,75,75,90,90,100,70,5120,70,45,1059860,1.1,33.9,2,0
Hoppip,grass,flying,250,35,40,35,35,55,50,5120,70,255,1059860,0.4,0.5,2,0
Skiploom,grass,flying,340,45,50,55,45,65,80,5120,70,120,1059860,0.6,1,2,0
Jumpluff,grass,flying,460,55,70,75,55,95,110,5120,70,45,1059860,0.8,3,2,0
Aipom,normal,,360,70,55,55,40,55,85,5120,70,45,800000,0.8,11.5,2,0
Sunkern,grass,,180,30,30,30,30,30,30,5120,70,235,1059860,0.3,1.8,2,0
Sunflora,grass,,425,75,55,75,105,85,30,5120,70,120,1059860,0.8,8.5,2,0
Yanma,bug,flying,390,65,45,65,75,45,95,5120,70,75,1000000,1.2,38,2,0
Wooper,water,ground,210,45,45,55,25,25,15,5120,70,255,1000000,0.4,8.5,2,0
Quagsire,water,ground,430,85,85,95,65,65,35,5120,70,90,1000000,1.4,75,2,0
Espeon,psychic,,525,65,60,65,130,95,110,8960,70,45,1000000,0.9,26.5,2,0
Umbreon,dark,,525,65,110,95,60,130,65,8960,35,45,1000000,1,27,2,0
Murkrow,dark,flying,405,85,42,60,85,42,91,5120,35,30,1059860,0.5,2.1,2,0
Slowking,water,psychic,490,75,80,95,100,110,30,5120,70,70,1000000,2,79.5,2,0
Misdreavus,ghost,,435,60,60,60,85,85,85,6400,35,45,800000,0.7,1,2,0
Unown,psychic,,336,72,48,48,72,48,48,10240,70,225,1000000,0.5,5,2,0
Wobbuffet,psychic,,405,33,58,190,33,58,33,5120,70,45,1000000,1.3,28.5,2,0
Girafarig,normal,psychic,455,80,65,70,90,65,85,5120,70,60,1000000,1.5,41.5,2,0
Pineco,bug,,290,65,90,50,35,35,15,5120,70,190,1000000,0.6,7.2,2,0
Forretress,bug,steel,465,90,140,75,60,60,40,5120,70,75,1000000,1.2,125.8,2,0
Dunsparce,normal,,415,70,70,100,65,65,45,5120,70,190,1000000,1.5,14,2,0
Gligar,ground,flying,430,75,105,65,35,65,85,5120,70,60,1059860,1.1,64.8,2,0
Steelix,steel,ground,610,125,230,75,55,95,30,6400,70,25,1000000,9.2,400,2,0
Snubbull,fairy,,300,80,50,60,40,40,30,5120,70,190,800000,0.6,7.8,2,0
Granbull,fairy,,450,120,75,90,60,60,45,5120,70,75,800000,1.4,48.7,2,0
Qwilfish,water,poison,440,95,85,65,55,55,85,5120,70,45,1000000,0.5,3.9,2,0
Scizor,bug,steel,600,150,140,70,65,100,75,6400,70,25,1000000,1.8,118,2,0
Shuckle,bug,rock,505,10,230,20,10,230,5,5120,70,190,1059860,0.6,20.5,2,0
Heracross,bug,fighting,600,185,115,80,40,105,75,6400,70,45,1250000,1.5,54,2,0
Sneasel,dark,ice,430,95,55,55,35,75,115,5120,35,60,1059860,0.9,28,2,0
Teddiursa,normal,,330,80,50,60,50,50,40,5120,70,120,1000000,0.6,8.8,2,0
Ursaring,normal,,500,130,75,90,75,75,55,5120,70,60,1000000,1.8,125.8,2,0
Slugma,fire,,250,40,40,40,70,40,20,5120,70,190,1000000,0.7,35,2,0
Magcargo,fire,rock,430,50,120,60,90,80,30,5120,70,75,1000000,0.8,55,2,0
Swinub,ice,ground,250,50,40,50,30,30,50,5120,70,225,1250000,0.4,6.5,2,0
Piloswine,ice,ground,450,100,80,100,60,60,50,5120,70,75,1250000,1.1,55.8,2,0
Corsola,water,rock,410,55,95,65,65,95,35,5120,70,60,800000,0.6,5,2,0
Remoraid,water,,300,65,35,35,65,35,65,5120,70,190,1000000,0.6,12,2,0
Octillery,water,,480,105,75,75,105,75,45,5120,70,75,1000000,0.9,28.5,2,0
Delibird,ice,flying,330,55,45,45,65,45,75,5120,70,45,800000,0.9,16,2,0
Mantine,water,flying,485,40,70,85,80,140,70,6400,70,25,1250000,2.1,220,2,0
Skarmory,steel,flying,465,80,140,65,40,70,70,6400,70,25,1250000,1.7,50.5,2,0
Houndour,dark,fire,330,60,30,45,80,50,65,5120,35,120,1250000,0.6,10.8,2,0
Houndoom,dark,fire,600,90,90,75,140,90,115,5120,35,45,1250000,1.4,35,2,0
Kingdra,water,dragon,540,95,95,75,95,95,85,5120,70,45,1000000,1.8,152,2,0
Phanpy,ground,,330,60,60,90,40,40,40,5120,70,120,1000000,0.5,33.5,2,0
Donphan,ground,,500,120,120,90,60,60,50,5120,70,60,1000000,1.1,120,2,0
Porygon2,normal,,515,80,90,85,105,95,60,5120,70,45,1000000,0.6,32.5,2,0
Stantler,normal,,465,95,62,73,85,65,85,5120,70,45,1250000,1.4,71.2,2,0
Smeargle,normal,,250,20,35,55,20,45,75,5120,70,45,800000,1.2,58,2,0
Tyrogue,fighting,,210,35,35,35,35,35,35,6400,70,75,1000000,0.7,21,2,0
Hitmontop,fighting,,455,95,95,50,35,110,70,6400,70,45,1000000,1.4,48,2,0
Smoochum,ice,psychic,305,30,15,45,85,65,65,6400,70,45,1000000,0.4,6,2,0
Elekid,electric,,360,63,37,45,65,55,95,6400,70,45,1000000,0.6,23.5,2,0
Magby,fire,,365,75,37,45,70,55,83,6400,70,45,1000000,0.7,21.4,2,0
Miltank,normal,,490,80,105,95,40,70,100,5120,70,45,1250000,1.2,75.5,2,0
Blissey,normal,,540,10,10,255,75,135,55,10240,140,30,800000,1.5,46.8,2,0
Raikou,electric,,580,85,75,90,115,100,115,20480,35,3,1250000,1.9,178,2,1
Entei,fire,,580,115,85,115,90,75,100,20480,35,3,1250000,2.1,198,2,1
Suicune,water,,580,75,115,100,90,115,85,20480,35,3,1250000,2,187,2,1
Larvitar,rock,ground,300,64,50,50,45,50,41,10240,35,45,1250000,0.6,72,2,0
Pupitar,rock,ground,410,84,70,70,65,70,51,10240,35,45,1250000,1.2,152,2,0
Tyranitar,rock,dark,700,164,150,100,95,120,71,10240,35,45,1250000,2,202,2,0
Lugia,psychic,flying,680,90,130,106,90,154,110,30720,0,3,1250000,5.2,216,2,1
Ho-Oh,fire,flying,680,130,90,106,110,154,90,30720,0,3,1250000,3.8,199,2,1
Celebi,psychic,grass,600,100,100,100,100,100,100,30720,100,45,1059860,0.6,5,2,1
Treecko,grass,,310,45,35,40,65,55,70,5120,70,45,1059860,0.5,5,3,0
Grovyle,grass,,405,65,45,50,85,65,95,5120,70,45,1059860,0.9,21.6,3,0
Sceptile,grass,,630,110,75,70,145,85,145,5120,70,45,1059860,1.7,52.2,3,0
Torchic,fire,,310,60,40,45,70,50,45,5120,70,45,1059860,0.4,2.5,3,0
Combusken,fire,fighting,405,85,60,60,85,60,55,5120,70,45,1059860,0.9,19.5,3,0
Blaziken,fire,fighting,630,160,80,80,130,80,100,5120,70,45,1059860,1.9,52,3,0
Mudkip,water,,310,70,50,50,50,50,40,5120,70,45,1059860,0.4,7.6,3,0
Marshtomp,water,ground,405,85,70,70,60,70,50,5120,70,45,1059860,0.7,28,3,0
Swampert,water,ground,635,150,110,100,95,110,70,5120,70,45,1059860,1.5,81.9,3,0
Poochyena,dark,,220,55,35,35,30,30,35,3840,70,255,1000000,0.5,13.6,3,0
Mightyena,dark,,420,90,70,70,60,60,70,3840,70,127,1000000,1,37,3,0
Zigzagoon,normal,,240,30,41,38,30,41,60,3840,70,255,1000000,0.4,17.5,3,0
Linoone,normal,,420,70,61,78,50,61,100,3840,70,90,1000000,0.5,32.5,3,0
Wurmple,bug,,195,45,35,45,20,30,20,3840,70,255,1000000,0.3,3.6,3,0
Silcoon,bug,,205,35,55,50,25,25,15,3840,70,120,1000000,0.6,10,3,0
Beautifly,bug,flying,395,70,50,60,100,50,65,3840,70,45,1000000,1,28.4,3,0
Cascoon,bug,,205,35,55,50,25,25,15,3840,70,120,1000000,0.7,11.5,3,0
Dustox,bug,poison,385,50,70,60,50,90,65,3840,70,45,1000000,1.2,31.6,3,0
Lotad,water,grass,220,30,30,40,40,50,30,3840,70,255,1059860,0.5,2.6,3,0
Lombre,water,grass,340,50,50,60,60,70,50,3840,70,120,1059860,1.2,32.5,3,0
Ludicolo,water,grass,480,70,70,80,90,100,70,3840,70,45,1059860,1.5,55,3,0
Seedot,grass,,220,40,50,40,30,30,30,3840,70,255,1059860,0.5,4,3,0
Nuzleaf,grass,dark,340,70,40,70,60,40,60,3840,70,120,1059860,1,28,3,0
Shiftry,grass,dark,480,100,60,90,90,60,80,3840,70,45,1059860,1.3,59.6,3,0
Taillow,normal,flying,270,55,30,40,30,30,85,3840,70,200,1059860,0.3,2.3,3,0
Swellow,normal,flying,455,85,60,60,75,50,125,3840,70,45,1059860,0.7,19.8,3,0
Wingull,water,flying,270,30,30,40,55,30,85,5120,70,190,1000000,0.6,9.5,3,0
Pelipper,water,flying,440,50,100,60,95,70,65,5120,70,45,1000000,1.2,28,3,0
Ralts,psychic,fairy,198,25,25,28,45,35,40,5120,35,235,1250000,0.4,6.6,3,0
Kirlia,psychic,fairy,278,35,35,38,65,55,50,5120,35,120,1250000,0.8,20.2,3,0
Gardevoir,psychic,fairy,618,85,65,68,165,135,100,5120,35,45,1250000,1.6,48.4,3,0
Surskit,bug,water,269,30,32,40,50,52,65,3840,70,200,1000000,0.5,1.7,3,0
Masquerain,bug,flying,454,60,62,70,100,82,80,3840,70,75,1000000,0.8,3.6,3,0
Shroomish,grass,,295,40,60,60,40,60,35,3840,70,255,1640000,0.4,4.5,3,0
Breloom,grass,fighting,460,130,80,60,60,60,70,3840,70,90,1640000,1.2,39.2,3,0
Slakoth,normal,,280,60,60,60,35,35,30,3840,70,255,1250000,0.8,24,3,0
Vigoroth,normal,,440,80,80,80,55,55,90,3840,70,120,1250000,1.4,46.5,3,0
Slaking,normal,,670,160,100,150,95,65,100,3840,70,45,1250000,2,130.5,3,0
Nincada,bug,ground,266,45,90,31,30,30,40,3840,70,255,600000,0.5,5.5,3,0
Ninjask,bug,flying,456,90,45,61,50,50,160,3840,70,120,600000,0.8,12,3,0
Shedinja,bug,ghost,236,90,45,1,30,30,40,3840,70,45,600000,0.8,1.2,3,0
Whismur,normal,,240,51,23,64,51,23,28,5120,70,190,1059860,0.6,16.3,3,0
Loudred,normal,,360,71,43,84,71,43,48,5120,70,120,1059860,1,40.5,3,0
Exploud,normal,,490,91,63,104,91,73,68,5120,70,45,1059860,1.5,84,3,0
Makuhita,fighting,,237,60,30,72,20,30,25,5120,70,180,1640000,1,86.4,3,0
Hariyama,fighting,,474,120,60,144,40,60,50,5120,70,200,1640000,2.3,253.8,3,0
Azurill,normal,fairy,190,20,40,50,20,40,20,2560,70,150,800000,0.2,2,3,0
Nosepass,rock,,375,45,135,30,45,90,30,5120,70,255,1000000,1,97,3,0
Skitty,normal,,260,45,45,50,35,35,50,3840,70,255,800000,0.6,11,3,0
Delcatty,normal,,400,65,65,70,55,55,90,3840,70,60,800000,1.1,32.6,3,0
Sableye,dark,ghost,480,85,125,50,85,115,20,6400,35,45,1059860,0.5,11,3,0
Mawile,steel,fairy,480,105,125,50,55,95,50,5120,70,45,800000,0.6,11.5,3,0
Aron,steel,rock,330,70,100,50,40,40,30,8960,35,180,1250000,0.4,60,3,0
Lairon,steel,rock,430,90,140,60,50,50,40,8960,35,90,1250000,0.9,120,3,0
Aggron,steel,rock,630,140,230,70,60,80,50,8960,35,45,1250000,2.1,360,3,0
Meditite,fighting,psychic,280,40,55,30,40,55,60,5120,70,180,1000000,0.6,11.2,3,0
Medicham,fighting,psychic,510,100,85,60,80,85,100,5120,70,90,1000000,1.3,31.5,3,0
Electrike,electric,,295,45,40,40,65,40,65,5120,70,120,1250000,0.6,15.2,3,0
Manectric,electric,,575,75,80,70,135,80,135,5120,70,45,1250000,1.5,40.2,3,0
Plusle,electric,,405,50,40,60,85,75,95,5120,70,200,1000000,0.4,4.2,3,0
Minun,electric,,405,40,50,60,75,85,95,5120,70,200,1000000,0.4,4.2,3,0
Volbeat,bug,,430,73,75,65,47,85,85,3840,70,150,600000,0.7,17.7,3,0
Illumise,bug,,430,47,75,65,73,85,85,3840,70,150,1640000,0.6,17.7,3,0
Roselia,grass,poison,400,60,45,50,100,80,65,5120,70,150,1059860,0.3,2,3,0
Gulpin,poison,,302,43,53,70,43,53,40,5120,70,225,1640000,0.4,10.3,3,0
Swalot,poison,,467,73,83,100,73,83,55,5120,70,75,1640000,1.7,80,3,0
Carvanha,water,dark,305,90,20,45,65,20,65,5120,35,225,1250000,0.8,20.8,3,0
Sharpedo,water,dark,560,140,70,70,110,65,105,5120,35,60,1250000,1.8,88.8,3,0
Wailmer,water,,400,70,35,130,70,35,60,10240,70,125,1640000,2,130,3,0
Wailord,water,,500,90,45,170,90,45,60,10240,70,60,1640000,14.5,398,3,0
Numel,fire,ground,305,60,40,60,65,45,35,5120,70,255,1000000,0.7,24,3,0
Camerupt,fire,ground,560,120,100,70,145,105,20,5120,70,150,1000000,1.9,220,3,0
Torkoal,fire,,470,85,140,70,85,70,20,5120,70,90,1000000,0.5,80.4,3,0
Spoink,psychic,,330,25,35,60,70,80,60,5120,70,255,800000,0.7,30.6,3,0
Grumpig,psychic,,470,45,65,80,90,110,80,5120,70,60,800000,0.9,71.5,3,0
Spinda,normal,,360,60,60,60,60,60,60,3840,70,255,800000,1.1,5,3,0
Trapinch,ground,,290,100,45,45,45,45,10,5120,70,255,1059860,0.7,15,3,0
Vibrava,ground,dragon,340,70,50,50,50,50,70,5120,70,120,1059860,1.1,15.3,3,0
Flygon,ground,dragon,520,100,80,80,80,80,100,5120,70,45,1059860,2,82,3,0
Cacnea,grass,,335,85,40,50,85,40,35,5120,35,190,1059860,0.4,51.3,3,0
Cacturne,grass,dark,475,115,60,70,115,60,55,5120,35,60,1059860,1.3,77.4,3,0
Swablu,normal,flying,310,40,60,45,40,75,50,5120,70,255,600000,0.4,1.2,3,0
Altaria,dragon,flying,590,110,110,75,110,105,80,5120,70,45,600000,1.1,20.6,3,0
Zangoose,normal,,458,115,60,73,60,60,90,5120,70,90,600000,1.3,40.3,3,0
Seviper,poison,,458,100,60,73,100,60,65,5120,70,90,1640000,2.7,52.5,3,0
Lunatone,rock,psychic,460,55,65,90,95,85,70,6400,70,45,800000,1,168,3,0
Solrock,rock,psychic,460,95,85,90,55,65,70,6400,70,45,800000,1.2,154,3,0
Barboach,water,ground,288,48,43,50,46,41,60,5120,70,190,1000000,0.4,1.9,3,0
Whiscash,water,ground,468,78,73,110,76,71,60,5120,70,75,1000000,0.9,23.6,3,0
Corphish,water,,308,80,65,43,50,35,35,3840,70,205,1640000,0.6,11.5,3,0
Crawdaunt,water,dark,468,120,85,63,90,55,55,3840,70,155,1640000,1.1,32.8,3,0
Baltoy,ground,psychic,300,40,55,40,40,70,55,5120,70,255,1000000,0.5,21.5,3,0
Claydol,ground,psychic,500,70,105,60,70,120,75,5120,70,90,1000000,1.5,108,3,0
Lileep,rock,grass,355,41,77,66,61,87,23,7680,70,45,600000,1,23.8,3,0
Cradily,rock,grass,495,81,97,86,81,107,43,7680,70,45,600000,1.5,60.4,3,0
Anorith,rock,bug,355,95,50,45,40,50,75,7680,70,45,600000,0.7,12.5,3,0
Armaldo,rock,bug,495,125,100,75,70,80,45,7680,70,45,600000,1.5,68.2,3,0
Feebas,water,,200,15,20,20,10,55,80,5120,70,255,600000,0.6,7.4,3,0
Milotic,water,,540,60,79,95,100,125,81,5120,70,60,600000,6.2,162,3,0
Castform,normal,,420,70,70,70,70,70,70,6400,70,45,1000000,0.3,0.8,3,0
Kecleon,normal,,440,90,70,60,60,120,40,5120,70,200,1059860,1,22,3,0
Shuppet,ghost,,295,75,35,44,63,33,45,6400,35,225,800000,0.6,2.3,3,0
Banette,ghost,,555,165,75,64,93,83,75,6400,35,45,800000,1.1,12.5,3,0
Duskull,ghost,,295,40,90,20,30,90,25,6400,35,190,800000,0.8,15,3,0
Dusclops,ghost,,455,70,130,40,60,130,25,6400,35,90,800000,1.6,30.6,3,0
Tropius,grass,flying,460,68,83,99,72,87,51,6400,70,200,1250000,2,100,3,0
Chimecho,psychic,,455,50,80,75,95,90,65,6400,70,45,800000,0.6,1,3,0
Absol,dark,,565,150,60,65,115,60,115,6400,35,30,1059860,1.2,47,3,0
Wynaut,psychic,,260,23,48,95,23,48,23,5120,70,125,1000000,0.6,14,3,0
Snorunt,ice,,300,50,50,50,50,50,50,5120,70,190,1000000,0.7,16.8,3,0
Glalie,ice,,580,120,80,80,120,80,100,5120,70,75,1000000,1.5,256.5,3,0
Spheal,ice,water,290,40,50,70,55,50,25,5120,70,255,1059860,0.8,39.5,3,0
Sealeo,ice,water,410,60,70,90,75,70,45,5120,70,120,1059860,1.1,87.6,3,0
Walrein,ice,water,530,80,90,110,95,90,65,5120,70,45,1059860,1.4,150.6,3,0
Clamperl,water,,345,64,85,35,74,55,32,5120,70,255,600000,0.4,52.5,3,0
Huntail,water,,485,104,105,55,94,75,52,5120,70,60,600000,1.7,27,3,0
Gorebyss,water,,485,84,105,55,114,75,52,5120,70,60,600000,1.8,22.6,3,0
Relicanth,water,rock,485,90,130,100,45,65,55,10240,70,25,1250000,1,23.4,3,0
Luvdisc,water,,330,30,55,43,40,65,97,5120,70,225,800000,0.6,8.7,3,0
Bagon,dragon,,300,75,60,45,40,30,50,10240,35,45,1250000,0.6,42.1,3,0
Shelgon,dragon,,420,95,100,65,60,50,50,10240,35,45,1250000,1.1,110.5,3,0
Salamence,dragon,flying,700,145,130,95,120,90,120,10240,35,45,1250000,1.5,102.6,3,0
Beldum,steel,psychic,300,55,80,40,35,60,30,10240,35,3,1250000,0.6,95.2,3,0
Metang,steel,psychic,420,75,100,60,55,80,50,10240,35,3,1250000,1.2,202.5,3,0
Metagross,steel,psychic,700,145,150,80,105,110,110,10240,35,3,1250000,1.6,550,3,0
Regirock,rock,,580,100,200,80,50,100,50,20480,35,3,1250000,1.7,230,3,1
Regice,ice,,580,50,100,80,100,200,50,20480,35,3,1250000,1.8,175,3,1
Registeel,steel,,580,75,150,80,75,150,50,20480,35,3,1250000,1.9,205,3,1
Latias,dragon,psychic,700,100,120,80,140,150,110,30720,90,3,1250000,1.4,40,3,1
Latios,dragon,psychic,700,130,100,80,160,120,110,30720,90,3,1250000,2,60,3,1
Kyogre,water,,770,150,90,100,180,160,90,30720,0,3,1250000,4.5,352,3,1
Groudon,ground,,770,180,160,100,150,90,90,30720,0,3,1250000,3.5,950,3,1
Rayquaza,dragon,flying,780,180,100,105,180,100,115,30720,0,45,1250000,7,206.5,3,1
Jirachi,steel,psychic,600,100,100,100,100,100,100,30720,100,3,1250000,0.3,1.1,3,1
Deoxys,psychic,,600,95,90,50,95,90,180,30720,0,3,1250000,1.7,60.8,3,1
Turtwig,grass,,318,68,64,55,45,55,31,5120,70,45,1059860,0.4,10.2,4,0
Grotle,grass,,405,89,85,75,55,65,36,5120,70,45,1059860,1.1,97,4,0
Torterra,grass,ground,525,109,105,95,75,85,56,5120,70,45,1059860,2.2,310,4,0
Chimchar,fire,,309,58,44,44,58,44,61,5120,70,45,1059860,0.5,6.2,4,0
Monferno,fire,fighting,405,78,52,64,78,52,81,5120,70,45,1059860,0.9,22,4,0
Infernape,fire,fighting,534,104,71,76,104,71,108,5120,70,45,1059860,1.2,55,4,0
Piplup,water,,314,51,53,53,61,56,40,5120,70,45,1059860,0.4,5.2,4,0
Prinplup,water,,405,66,68,64,81,76,50,5120,70,45,1059860,0.8,23,4,0
Empoleon,water,steel,530,86,88,84,111,101,60,5120,70,45,1059860,1.7,84.5,4,0
Starly,normal,flying,245,55,30,40,30,30,60,3840,70,255,1059860,0.3,2,4,0
Staravia,normal,flying,340,75,50,55,40,40,80,3840,70,120,1059860,0.6,15.5,4,0
Staraptor,normal,flying,485,120,70,85,50,60,100,3840,70,45,1059860,1.2,24.9,4,0
Bidoof,normal,,250,45,40,59,35,40,31,3840,70,255,1000000,0.5,20,4,0
Bibarel,normal,water,410,85,60,79,55,60,71,3840,70,127,1000000,1,31.5,4,0
Kricketot,bug,,194,25,41,37,25,41,25,3840,70,255,1059860,0.3,2.2,4,0
Kricketune,bug,,384,85,51,77,55,51,65,3840,70,45,1059860,1,25.5,4,0
Shinx,electric,,263,65,34,45,40,34,45,5120,70,235,1059860,0.5,9.5,4,0
Luxio,electric,,363,85,49,60,60,49,60,5120,100,120,1059860,0.9,30.5,4,0
Luxray,electric,,523,120,79,80,95,79,70,5120,70,45,1059860,1.4,42,4,0
Budew,grass,poison,280,30,35,40,50,70,55,5120,70,255,1059860,0.2,1.2,4,0
Roserade,grass,poison,515,70,65,60,125,105,90,5120,70,75,1059860,0.9,14.5,4,0
Cranidos,rock,,350,125,40,67,30,30,58,7680,70,45,600000,0.9,31.5,4,0
Rampardos,rock,,495,165,60,97,65,50,58,7680,70,45,600000,1.6,102.5,4,0
Shieldon,rock,steel,350,42,118,30,42,88,30,7680,70,45,600000,0.5,57,4,0
Bastiodon,rock,steel,495,52,168,60,47,138,30,7680,70,45,600000,1.3,149.5,4,0
Burmy,bug,,224,29,45,40,29,45,36,3840,70,120,1000000,0.2,3.4,4,0
Wormadam,bug,grass,424,69,95,60,69,95,36,3840,70,45,1000000,0.5,6.5,4,0
Mothim,bug,flying,424,94,50,70,94,50,66,3840,70,45,1000000,0.9,23.3,4,0
Combee,bug,flying,244,30,42,30,30,42,70,3840,70,120,1059860,0.3,5.5,4,0
Vespiquen,bug,flying,474,80,102,70,80,102,40,3840,70,45,1059860,1.2,38.5,4,0
Pachirisu,electric,,405,45,70,60,45,90,95,2560,100,200,1000000,0.4,3.9,4,0
Buizel,water,,330,65,35,55,60,30,85,5120,70,190,1000000,0.7,29.5,4,0
Floatzel,water,,495,105,55,85,85,50,115,5120,70,75,1000000,1.1,33.5,4,0
Cherubi,grass,,275,35,45,45,62,53,35,5120,70,190,1000000,0.4,3.3,4,0
Cherrim,grass,,450,60,70,70,87,78,85,5120,70,75,1000000,0.5,9.3,4,0
Shellos,water,,325,48,48,76,57,62,34,5120,70,190,1000000,0.3,6.3,4,0
Gastrodon,water,ground,475,83,68,111,92,82,39,5120,70,75,1000000,0.9,29.9,4,0
Ambipom,normal,,482,100,66,75,60,66,115,5120,100,45,800000,1.2,20.3,4,0
Drifloon,ghost,flying,348,50,34,90,60,44,70,7680,70,125,1640000,0.4,1.2,4,0
Drifblim,ghost,flying,498,80,44,150,90,54,80,7680,70,60,1640000,1.2,15,4,0
Buneary,normal,,350,66,44,55,44,56,85,5120,0,190,1000000,0.4,5.5,4,0
Lopunny,normal,,580,136,94,65,54,96,135,5120,140,60,1000000,1.2,33.3,4,0
Mismagius,ghost,,495,60,60,60,105,105,105,6400,35,45,800000,0.9,4.4,4,0
Honchkrow,dark,flying,505,125,52,100,105,52,71,5120,35,30,1059860,0.9,27.3,4,0
Glameow,normal,,310,55,42,49,42,37,85,5120,70,190,800000,0.5,3.9,4,0
Purugly,normal,,452,82,64,71,64,59,112,5120,70,75,800000,1,43.8,4,0
Chingling,psychic,,285,30,50,45,65,50,45,6400,70,120,800000,0.2,0.6,4,0
Stunky,poison,dark,329,63,47,63,41,41,74,5120,70,225,1000000,0.4,19.2,4,0
Skuntank,poison,dark,479,93,67,103,71,61,84,5120,70,60,1000000,1,38,4,0
Bronzor,steel,psychic,300,24,86,57,24,86,23,5120,70,255,1000000,0.5,60.5,4,0
Bronzong,steel,psychic,500,89,116,67,79,116,33,5120,70,90,1000000,1.3,187,4,0
Bonsly,rock,,290,80,95,50,10,45,10,5120,70,255,1000000,0.5,15,4,0
Mime Jr.,psychic,fairy,310,25,45,20,70,90,60,6400,70,145,1000000,0.6,13,4,0
Happiny,normal,,220,5,5,100,15,65,30,10240,140,130,800000,0.6,24.4,4,0
Chatot,normal,flying,411,65,45,76,92,42,91,5120,35,30,1059860,0.5,1.9,4,0
Spiritomb,ghost,dark,485,92,108,50,92,108,35,7680,70,100,1000000,1,108,4,0
Gible,dragon,ground,300,70,45,58,40,45,42,10240,70,45,1250000,0.7,20.5,4,0
Gabite,dragon,ground,410,90,65,68,50,55,82,10240,70,45,1250000,1.4,56,4,0
Garchomp,dragon,ground,700,170,115,108,120,95,92,10240,70,45,1250000,1.9,95,4,0
Munchlax,normal,,390,85,40,135,40,85,5,10240,70,50,1250000,0.6,105,4,0
Riolu,fighting,,285,70,40,40,35,40,60,6400,70,75,1059860,0.7,20.2,4,0
Lucario,fighting,steel,625,145,88,70,140,70,112,6400,70,45,1059860,1.2,54,4,0
Hippopotas,ground,,330,72,78,68,38,42,32,7680,70,140,1250000,0.8,49.5,4,0
Hippowdon,ground,,525,112,118,108,68,72,47,7680,70,60,1250000,2,300,4,0
Skorupi,poison,bug,330,50,90,40,30,55,65,5120,70,120,1250000,0.8,12,4,0
Drapion,poison,dark,500,90,110,70,60,75,95,5120,70,45,1250000,1.3,61.5,4,0
Croagunk,poison,fighting,300,61,40,48,61,40,50,2560,100,140,1000000,0.7,23,4,0
Toxicroak,poison,fighting,490,106,65,83,86,65,85,5120,70,75,1000000,1.3,44.4,4,0
Carnivine,grass,,454,100,72,74,90,72,46,6400,70,200,1250000,1.4,27,4,0
Finneon,water,,330,49,56,49,49,61,66,5120,70,190,600000,0.4,7,4,0
Lumineon,water,,460,69,76,69,69,86,91,5120,70,75,600000,1.2,24,4,0
Mantyke,water,flying,345,20,50,45,60,120,50,6400,70,25,1250000,1,65,4,0
Snover,grass,ice,334,62,50,60,62,60,40,5120,70,120,1250000,1,50.5,4,0
Abomasnow,grass,ice,594,132,105,90,132,105,30,5120,70,60,1250000,2.2,135.5,4,0
Weavile,dark,ice,510,120,65,70,45,85,125,5120,35,45,1059860,1.1,34,4,0
Magnezone,electric,steel,535,70,115,70,130,90,60,5120,70,30,1000000,1.2,180,4,0
Lickilicky,normal,,515,85,95,110,80,95,50,5120,70,30,1000000,1.7,140,4,0
Rhyperior,ground,rock,535,140,130,115,55,55,40,5120,70,30,1250000,2.4,282.8,4,0
Tangrowth,grass,,535,100,125,100,110,50,50,5120,70,30,1000000,2,128.6,4,0
Electivire,electric,,540,123,67,75,95,85,95,6400,70,30,1000000,1.8,138.6,4,0
Magmortar,fire,,540,95,67,75,125,95,83,6400,70,30,1000000,1.6,68,4,0
Togekiss,fairy,flying,545,50,95,85,120,115,80,2560,70,30,800000,1.5,38,4,0
Yanmega,bug,flying,515,76,86,86,116,56,95,5120,70,30,1000000,1.9,51.5,4,0
Leafeon,grass,,525,110,130,65,60,65,95,8960,35,45,1000000,1,25.5,4,0
Glaceon,ice,,525,60,110,65,130,95,65,8960,35,45,1000000,0.8,25.9,4,0
Gliscor,ground,flying,510,95,125,75,45,75,95,5120,70,30,1059860,2,42.5,4,0
Mamoswine,ice,ground,530,130,80,110,70,60,80,5120,70,50,1250000,2.5,291,4,0
Porygon-Z,normal,,535,80,70,85,135,75,90,5120,70,30,1000000,0.9,34,4,0
Gallade,psychic,fighting,618,165,95,68,65,115,110,5120,35,45,1250000,1.6,52,4,0
Probopass,rock,steel,525,55,145,60,75,150,40,5120,70,60,1000000,1.4,340,4,0
Dusknoir,ghost,,525,100,135,45,65,135,45,6400,35,45,800000,2.2,106.6,4,0
Froslass,ice,ghost,480,80,70,70,80,70,110,5120,70,75,1000000,1.3,26.6,4,0
Rotom,electric,ghost,520,65,107,50,105,107,86,5120,70,45,1000000,0.3,0.3,4,0
Uxie,psychic,,580,75,130,75,75,130,95,20480,140,3,1250000,0.3,0.3,4,1
Mesprit,psychic,,580,105,105,80,105,105,80,20480,140,3,1250000,0.3,0.3,4,1
Azelf,psychic,,580,125,70,75,125,70,115,20480,140,3,1250000,0.3,0.3,4,1
Dialga,steel,dragon,680,120,120,100,150,100,90,30720,0,3,1250000,5.4,683,4,1
Palkia,water,dragon,680,120,100,90,150,120,100,30720,0,3,1250000,4.2,336,4,1
Heatran,fire,steel,600,90,106,91,130,106,77,2560,100,3,1250000,1.7,430,4,1
Regigigas,normal,,670,160,110,110,80,110,100,30720,0,3,1250000,3.7,420,4,1
Giratina,ghost,dragon,680,120,100,150,120,100,90,30720,0,3,1250000,4.5,750,4,1
Cresselia,psychic,,600,70,120,120,75,130,85,30720,100,3,1250000,1.5,85.6,4,1
Phione,water,,480,80,80,80,80,80,80,10240,70,30,1250000,0.4,3.1,4,0
Manaphy,water,,600,100,100,100,100,100,100,2560,70,3,1250000,0.3,1.4,4,1
Darkrai,dark,,600,90,90,70,135,90,125,30720,0,3,1250000,1.5,50.5,4,1
Shaymin,grass,grass,600,103,75,100,120,75,127,30720,100,45,1059860,0.2,2.1,4,1
Arceus,normal,,720,120,120,120,120,120,120,30720,0,3,1250000,3.2,320,4,1
Victini,psychic,fire,600,100,100,100,100,100,100,30720,100,3,1250000,0.4,4,5,1
Snivy,grass,,308,45,55,45,45,55,63,5120,70,45,1059860,0.6,8.1,5,0
Servine,grass,,413,60,75,60,60,75,83,5120,70,45,1059860,0.8,16,5,0
Serperior,grass,,528,75,95,75,75,95,113,5120,70,45,1059860,3.3,63,5,0
Tepig,fire,,308,63,45,65,45,45,45,5120,70,45,1059860,0.5,9.9,5,0
Pignite,fire,fighting,418,93,55,90,70,55,55,5120,70,45,1059860,1,55.5,5,0
Emboar,fire,fighting,528,123,65,110,100,65,65,5120,70,45,1059860,1.6,150,5,0
Oshawott,water,,308,55,45,55,63,45,45,5120,70,45,1059860,0.5,5.9,5,0
Dewott,water,,413,75,60,75,83,60,60,5120,70,45,1059860,0.8,24.5,5,0
Samurott,water,,528,100,85,95,108,70,70,5120,70,45,1059860,1.5,94.6,5,0
Patrat,normal,,255,55,39,45,35,39,42,3840,70,255,1000000,0.5,11.6,5,0
Watchog,normal,,420,85,69,60,60,69,77,5120,70,255,1000000,1.1,27,5,0
Lillipup,normal,,275,60,45,45,25,45,55,3840,70,255,1059860,0.4,4.1,5,0
Herdier,normal,,370,80,65,65,35,65,60,3840,70,120,1059860,0.9,14.7,5,0
Stoutland,normal,,500,110,90,85,45,90,80,3840,70,45,1059860,1.2,61,5,0
Purrloin,dark,,281,50,37,41,50,37,66,5120,70,255,1000000,0.4,10.1,5,0
Liepard,dark,,446,88,50,64,88,50,106,5120,70,90,1000000,1.1,37.5,5,0
Pansage,grass,,316,53,48,50,53,48,64,5120,70,190,1000000,0.6,10.5,5,0
Simisage,grass,,498,98,63,75,98,63,101,5120,70,75,1000000,1.1,30.5,5,0
Pansear,fire,,316,53,48,50,53,48,64,5120,70,190,1000000,0.6,11,5,0
Simisear,fire,,498,98,63,75,98,63,101,5120,70,75,1000000,1,28,5,0
Panpour,water,,316,53,48,50,53,48,64,5120,70,190,1000000,0.6,13.5,5,0
Simipour,water,,498,98,63,75,98,63,101,5120,70,75,1000000,1,29,5,0
Munna,psychic,,292,25,45,76,67,55,24,2560,70,190,800000,0.6,23.3,5,0
Musharna,psychic,,487,55,85,116,107,95,29,2560,70,75,800000,1.1,60.5,5,0
Pidove,normal,flying,264,55,50,50,36,30,43,3840,70,255,1059860,0.3,2.1,5,0
Tranquill,normal,flying,358,77,62,62,50,42,65,3840,70,120,1059860,0.6,15,5,0
Unfezant,normal,flying,488,115,80,80,65,55,93,3840,70,45,1059860,1.2,29,5,0
Blitzle,electric,,295,60,32,45,50,32,76,5120,70,190,1000000,0.8,29.8,5,0
Zebstrika,electric,,497,100,63,75,80,63,116,5120,70,75,1000000,1.6,79.5,5,0
Roggenrola,rock,,280,75,85,55,25,25,15,3840,70,255,1059860,0.4,18,5,0
Boldore,rock,,390,105,105,70,50,40,20,3840,70,120,1059860,0.9,102,5,0
Gigalith,rock,,515,135,130,85,60,80,25,3840,70,45,1059860,1.7,260,5,0
Woobat,psychic,flying,323,45,43,65,55,43,72,3840,70,190,1000000,0.4,2.1,5,0
Swoobat,psychic,flying,425,57,55,67,77,55,114,3840,70,45,1000000,0.9,10.5,5,0
Drilbur,ground,,328,85,40,60,30,45,68,5120,70,120,1000000,0.3,8.5,5,0
Excadrill,ground,steel,508,135,60,110,50,65,88,5120,70,60,1000000,0.7,40.4,5,0
Audino,normal,,545,60,126,103,80,126,50,5120,70,255,800000,1.1,31,5,0
Timburr,fighting,,305,80,55,75,25,35,35,5120,70,180,1059860,0.6,12.5,5,0
Gurdurr,fighting,,405,105,85,85,40,50,40,5120,70,90,1059860,1.2,40,5,0
Conkeldurr,fighting,,505,140,95,105,55,65,45,5120,70,45,1059860,1.4,87,5,0
Tympole,water,,294,50,40,50,50,40,64,5120,70,255,1059860,0.5,4.5,5,0
Palpitoad,water,ground,384,65,55,75,65,55,69,5120,70,120,1059860,0.8,17,5,0
Seismitoad,water,ground,509,95,75,105,85,75,74,5120,70,45,1059860,1.5,62,5,0
Throh,fighting,,465,100,85,120,30,85,45,5120,70,45,1000000,1.3,55.5,5,0
Sawk,fighting,,465,125,75,75,30,75,85,5120,70,45,1000000,1.4,51,5,0
Sewaddle,bug,grass,310,53,70,45,40,60,42,3840,70,255,1059860,0.3,2.5,5,0
Swadloon,bug,grass,380,63,90,55,50,80,42,3840,70,120,1059860,0.5,7.3,5,0
Leavanny,bug,grass,500,103,80,75,70,80,92,3840,70,45,1059860,1.2,20.5,5,0
Venipede,bug,poison,260,45,59,30,30,39,57,3840,70,255,1059860,0.4,5.3,5,0
Whirlipede,bug,poison,360,55,99,40,40,79,47,3840,70,120,1059860,1.2,58.5,5,0
Scolipede,bug,poison,485,100,89,60,55,69,112,5120,70,45,1059860,2.5,200.5,5,0
Cottonee,grass,fairy,280,27,60,40,37,50,66,5120,70,190,1000000,0.3,0.6,5,0
Whimsicott,grass,fairy,480,67,85,60,77,75,116,5120,70,75,1000000,0.7,6.6,5,0
Petilil,grass,,280,35,50,45,70,50,30,5120,70,190,1000000,0.5,6.6,5,0
Lilligant,grass,,480,60,75,70,110,75,90,5120,70,75,1000000,1.1,16.3,5,0
Basculin,water,,460,92,65,70,80,55,98,10240,70,25,1000000,1,18,5,0
Sandile,ground,dark,292,72,35,50,35,35,65,5120,70,180,1059860,0.7,15.2,5,0
Krokorok,ground,dark,351,82,45,60,45,45,74,5120,70,90,1059860,1,33.4,5,0
Krookodile,ground,dark,519,117,80,95,65,70,92,5120,70,45,1059860,1.5,96.3,5,0
Darumaka,fire,,315,90,45,70,15,45,50,5120,70,120,1059860,0.6,37.5,5,0
Darmanitan,fire,fire,540,30,105,105,140,105,55,5120,70,60,1059860,1.3,92.9,5,0
Maractus,grass,,461,86,67,75,106,67,60,5120,70,255,1000000,1,28,5,0
Dwebble,bug,rock,325,65,85,50,35,35,55,5120,70,190,1000000,0.3,14.5,5,0
Crustle,bug,rock,485,105,125,70,65,75,45,5120,70,75,1000000,1.4,200,5,0
Scraggy,dark,fighting,348,75,70,50,35,70,48,3840,35,180,1000000,0.6,11.8,5,0
Scrafty,dark,fighting,488,90,115,65,45,115,58,3840,70,90,1000000,1.1,30,5,0
Sigilyph,psychic,flying,490,58,80,72,103,80,97,5120,70,45,1000000,1.4,14,5,0
Yamask,ghost,,303,30,85,38,55,65,30,6400,70,190,1000000,0.5,1.5,5,0
Cofagrigus,ghost,,483,50,145,58,95,105,30,6400,70,90,1000000,1.7,76.5,5,0
Tirtouga,water,rock,355,78,103,54,53,45,22,7680,70,45,1000000,0.7,16.5,5,0
Carracosta,water,rock,495,108,133,74,83,65,32,7680,70,45,1000000,1.2,81,5,0
Archen,rock,flying,401,112,45,55,74,45,70,7680,70,45,1000000,0.5,9.5,5,0
Archeops,rock,flying,567,140,65,75,112,65,110,7680,70,45,1000000,1.4,32,5,0
Trubbish,poison,,329,50,62,50,40,62,65,5120,70,190,1000000,0.6,31,5,0
Garbodor,poison,,474,95,82,80,60,82,75,5120,70,60,1000000,1.9,107.3,5,0
Zorua,dark,,330,65,40,40,80,40,65,6400,70,75,1059860,0.7,12.5,5,0
Zoroark,dark,,510,105,60,60,120,60,105,5120,70,45,1059860,1.6,81.1,5,0
Minccino,normal,,300,50,40,55,40,40,75,3840,70,255,800000,0.4,5.8,5,0
Cinccino,normal,,470,95,60,75,65,60,115,3840,70,60,800000,0.5,7.5,5,0
Gothita,psychic,,290,30,50,45,55,65,45,5120,70,200,1059860,0.4,5.8,5,0
Gothorita,psychic,,390,45,70,60,75,85,55,5120,70,100,1059860,0.7,18,5,0
Gothitelle,psychic,,490,55,95,70,95,110,65,5120,70,50,1059860,1.5,44,5,0
Solosis,psychic,,290,30,40,45,105,50,20,5120,70,200,1059860,0.3,1,5,0
Duosion,psychic,,370,40,50,65,125,60,30,5120,70,100,1059860,0.6,8,5,0
Reuniclus,psychic,,490,65,75,110,125,85,30,5120,70,50,1059860,1,20.1,5,0
Ducklett,water,flying,305,44,50,62,44,50,55,5120,70,190,1000000,0.5,5.5,5,0
Swanna,water,flying,473,87,63,75,87,63,98,5120,70,45,1000000,1.3,24.2,5,0
Vanillite,ice,,305,50,50,36,65,60,44,5120,70,255,1250000,0.4,5.7,5,0
Vanillish,ice,,395,65,65,51,80,75,59,5120,70,120,1250000,1.1,41,5,0
Vanilluxe,ice,,535,95,85,71,110,95,79,5120,70,45,1250000,1.3,57.5,5,0
Deerling,normal,grass,335,60,50,60,40,50,75,5120,70,190,1000000,0.6,19.5,5,0
Sawsbuck,normal,grass,475,100,70,80,60,70,95,5120,70,75,1000000,1.9,92.5,5,0
Emolga,electric,flying,428,75,60,55,75,60,103,5120,70,200,1000000,0.4,5,5,0
Karrablast,bug,,315,75,45,50,40,45,60,3840,70,200,1000000,0.5,5.9,5,0
Escavalier,bug,steel,495,135,105,70,60,105,20,3840,70,75,1000000,1,33,5,0
Foongus,grass,poison,294,55,45,69,55,55,15,5120,70,190,1000000,0.2,1,5,0
Amoonguss,grass,poison,464,85,70,114,85,80,30,5120,70,75,1000000,0.6,10.5,5,0
Frillish,water,ghost,335,40,50,55,65,85,40,5120,70,190,1000000,1.2,33,5,0
Jellicent,water,ghost,480,60,70,100,85,105,60,5120,70,60,1000000,2.2,135,5,0
Alomomola,water,,470,75,80,165,40,45,65,10240,70,75,800000,1.2,31.6,5,0
Joltik,bug,electric,319,47,50,50,57,50,65,5120,70,190,1000000,0.1,0.6,5,0
Galvantula,bug,electric,472,77,60,70,97,60,108,5120,70,75,1000000,0.8,14.3,5,0
Ferroseed,grass,steel,305,50,91,44,24,86,10,5120,70,255,1000000,0.6,18.8,5,0
Ferrothorn,grass,steel,489,94,131,74,54,116,20,5120,70,90,1000000,1,110,5,0
Klink,steel,,300,55,70,40,45,60,30,5120,70,130,1059860,0.3,21,5,0
Klang,steel,,440,80,95,60,70,85,50,5120,70,60,1059860,0.6,51,5,0
Klinklang,steel,,520,100,115,60,70,85,90,5120,70,30,1059860,0.6,81,5,0
Tynamo,electric,,275,55,40,35,45,40,60,5120,70,190,1250000,0.2,0.3,5,0
Eelektrik,electric,,405,85,70,65,75,70,40,5120,70,60,1250000,1.2,22,5,0
Eelektross,electric,,515,115,80,85,105,80,50,5120,70,30,1250000,2.1,80.5,5,0
Elgyem,psychic,,335,55,55,55,85,55,30,5120,70,255,1000000,0.5,9,5,0
Beheeyem,psychic,,485,75,75,75,125,95,40,5120,70,90,1000000,1,34.5,5,0
Litwick,ghost,fire,275,30,55,50,65,55,20,5120,70,190,1059860,0.3,3.1,5,0
Lampent,ghost,fire,370,40,60,60,95,60,55,5120,70,90,1059860,0.6,13,5,0
Chandelure,ghost,fire,520,55,90,60,145,90,80,5120,70,45,1059860,1,34.3,5,0
Axew,dragon,,320,87,60,46,30,40,57,10240,35,75,1250000,0.6,18,5,0
Fraxure,dragon,,410,117,70,66,40,50,67,10240,35,60,1250000,1,36,5,0
Haxorus,dragon,,540,147,90,76,60,70,97,10240,35,45,1250000,1.8,105.5,5,0
Cubchoo,ice,,305,70,40,55,60,40,40,5120,70,120,1000000,0.5,8.5,5,0
Beartic,ice,,505,130,80,95,70,80,50,5120,70,60,1000000,2.6,260,5,0
Cryogonal,ice,,515,50,50,80,95,135,105,6400,70,25,1000000,1.1,148,5,0
Shelmet,bug,,305,40,85,50,40,65,25,3840,70,200,1000000,0.4,7.7,5,0
Accelgor,bug,,495,70,40,80,100,60,145,3840,70,75,1000000,0.8,25.3,5,0
Stunfisk,ground,electric,471,66,84,109,81,99,32,5120,70,75,1000000,0.7,11,5,0
Mienfoo,fighting,,350,85,50,45,55,50,65,6400,70,180,1059860,0.9,20,5,0
Mienshao,fighting,,510,125,60,65,95,60,105,6400,70,45,1059860,1.4,35.5,5,0
Druddigon,dragon,,485,120,90,77,60,90,48,7680,70,45,1000000,1.6,139,5,0
Golett,ground,ghost,303,74,50,59,35,50,35,6400,70,190,1000000,1,92,5,0
Golurk,ground,ghost,483,124,80,89,55,80,55,6400,70,90,1000000,2.8,330,5,0
Pawniard,dark,steel,340,85,70,45,40,40,60,5120,35,120,1000000,0.5,10.2,5,0
Bisharp,dark,steel,490,125,100,65,60,70,70,5120,35,45,1000000,1.6,70,5,0
Bouffalant,normal,,490,110,95,95,40,95,55,5120,70,45,1000000,1.6,94.6,5,0
Rufflet,normal,flying,350,83,50,70,37,50,60,5120,70,190,1250000,0.5,10.5,5,0
Braviary,normal,flying,510,123,75,100,57,75,80,5120,70,60,1250000,1.5,41,5,0
Vullaby,dark,flying,370,55,75,70,45,65,60,5120,35,190,1250000,0.5,9,5,0
Mandibuzz,dark,flying,510,65,105,110,55,95,80,5120,35,60,1250000,1.2,39.5,5,0
Heatmor,fire,,484,97,66,85,105,66,65,5120,70,90,1000000,1.4,58,5,0
Durant,bug,steel,484,109,112,58,48,48,109,5120,70,90,1000000,0.3,33,5,0
Deino,dark,dragon,300,65,50,52,45,50,38,10240,35,45,1250000,0.8,17.3,5,0
Zweilous,dark,dragon,420,85,70,72,65,70,58,10240,35,45,1250000,1.4,50,5,0
Hydreigon,dark,dragon,600,105,90,92,125,90,98,10240,35,45,1250000,1.8,160,5,0
Larvesta,bug,fire,360,85,55,55,50,55,60,10240,70,45,1250000,1.1,28.8,5,0
Volcarona,bug,fire,550,60,65,85,135,105,100,10240,70,15,1250000,1.6,46,5,0
Cobalion,steel,fighting,580,90,129,91,90,72,108,20480,35,3,1250000,2.1,250,5,1
Terrakion,rock,fighting,580,129,90,91,72,90,108,20480,35,3,1250000,1.9,260,5,1
Virizion,grass,fighting,580,90,72,91,90,129,108,20480,35,3,1250000,2,200,5,1
Tornadus,flying,,580,100,80,79,110,90,121,30720,90,3,1250000,1.5,63,5,1
Thundurus,electric,flying,580,105,70,79,145,80,101,30720,90,3,1250000,1.5,61,5,1
Reshiram,dragon,fire,680,120,100,100,150,120,90,30720,0,3,1250000,3.2,330,5,1
Zekrom,dragon,electric,680,150,120,100,120,100,90,30720,0,3,1250000,2.9,345,5,1
Landorus,ground,flying,600,145,90,89,105,80,91,30720,90,3,1250000,1.5,68,5,1
Kyurem,dragon,ice,700,120,90,125,170,100,95,30720,0,3,1250000,3,325,5,1
Keldeo,water,fighting,580,72,90,91,129,90,108,20480,35,3,1250000,1.4,48.5,5,1
Meloetta,normal,psychic,600,128,90,100,77,77,128,30720,100,3,1250000,0.6,6.5,5,1
Genesect,bug,steel,600,120,95,71,120,95,99,30720,0,3,1250000,1.5,82.5,5,1
Chespin,grass,,313,61,65,56,48,45,38,5120,70,45,1059860,0.4,9,6,0
Quilladin,grass,,405,78,95,61,56,58,57,5120,70,45,1059860,0.7,29,6,0
Chesnaught,grass,fighting,530,107,122,88,74,75,64,5120,70,45,1059860,1.6,90,6,0
Fennekin,fire,,307,45,40,40,62,60,60,5120,70,45,1059860,0.4,9.4,6,0
Braixen,fire,,409,59,58,59,90,70,73,5120,70,45,1059860,1,14.5,6,0
Delphox,fire,psychic,534,69,72,75,114,100,104,5120,70,45,1059860,1.5,39,6,0
Froakie,water,,314,56,40,41,62,44,71,5120,70,45,1059860,0.3,7,6,0
Frogadier,water,,405,63,52,54,83,56,97,5120,70,45,1059860,0.6,10.9,6,0
Greninja,water,dark,640,145,67,72,153,71,132,5120,70,45,1059860,1.5,40,6,0
Bunnelby,normal,,237,36,38,38,32,36,57,3840,70,255,1000000,0.4,5,6,0
Diggersby,normal,ground,423,56,77,85,50,77,78,3840,70,127,1000000,1,42.4,6,0
Fletchling,normal,flying,278,50,43,45,40,38,62,3840,70,255,1059860,0.3,1.7,6,0
Fletchinder,fire,flying,382,73,55,62,56,52,84,3840,70,120,1059860,0.7,16,6,0
Talonflame,fire,flying,499,81,71,78,74,69,126,3840,70,45,1059860,1.2,24.5,6,0
Scatterbug,bug,,200,35,40,38,27,25,35,3840,70,255,1000000,0.3,2.5,6,0
Spewpa,bug,,213,22,60,45,27,30,29,3840,70,120,1000000,0.3,8.4,6,0
Vivillon,bug,flying,411,52,50,80,90,50,89,3840,70,45,1000000,1.2,17,6,0
Litleo,fire,normal,369,50,58,62,73,54,72,5120,70,220,1059860,0.6,13.5,6,0
Pyroar,fire,normal,507,68,72,86,109,66,106,5120,70,65,1059860,1.5,81.5,6,0
Flab√©b√©,fairy,,303,38,39,44,61,79,42,5120,70,225,1000000,0.1,0.1,6,0
Floette,fairy,,551,65,67,74,125,128,92,5120,70,120,1000000,0.2,0.9,6,0
Florges,fairy,,552,65,68,78,112,154,75,5120,70,45,1000000,1.1,10,6,0
Skiddo,grass,,350,65,48,66,62,57,52,5120,70,200,1000000,0.9,31,6,0
Gogoat,grass,,531,100,62,123,97,81,68,5120,70,45,1000000,1.7,91,6,0
Pancham,fighting,,348,82,62,67,46,48,43,6400,70,220,1000000,0.6,8,6,0
Pangoro,fighting,dark,495,124,78,95,69,71,58,6400,70,65,1000000,2.1,136,6,0
Furfrou,normal,,472,80,60,75,65,90,102,5120,70,160,1000000,1.2,28,6,0
Espurr,psychic,,355,48,54,62,63,60,68,5120,70,190,1000000,0.3,3.5,6,0
Meowstic,psychic,,466,48,76,74,83,81,104,5120,70,75,1000000,0.6,8.5,6,0
Honedge,steel,ghost,325,80,100,45,35,37,28,5120,70,180,1000000,0.8,2,6,0
Doublade,steel,ghost,448,110,150,59,45,49,35,5120,70,90,1000000,0.8,4.5,6,0
Aegislash,steel,ghost,520,150,50,60,150,50,60,5120,70,45,1000000,1.7,53,6,0
Spritzee,fairy,,341,52,60,78,63,65,23,5120,70,200,1000000,0.2,0.5,6,0
Aromatisse,fairy,,462,72,72,101,99,89,29,5120,70,140,1000000,0.8,15.5,6,0
Swirlix,fairy,,341,48,66,62,59,57,49,5120,70,200,1000000,0.4,3.5,6,0
Slurpuff,fairy,,480,80,86,82,85,75,72,5120,70,140,1000000,0.8,5,6,0
Inkay,dark,psychic,288,54,53,53,37,46,45,5120,70,190,1000000,0.4,3.5,6,0
Malamar,dark,psychic,482,92,88,86,68,75,73,5120,70,80,1000000,1.5,47,6,0
Binacle,rock,water,306,52,67,42,39,56,50,5120,70,120,1000000,0.5,31,6,0
Barbaracle,rock,water,500,105,115,72,54,86,68,5120,70,45,1000000,1.3,96,6,0
Skrelp,poison,water,320,60,60,50,60,60,30,5120,70,225,1000000,0.5,7.3,6,0
Dragalge,poison,dragon,494,75,90,65,97,123,44,5120,70,55,1000000,1.8,81.5,6,0
Clauncher,water,,330,53,62,50,58,63,44,3840,70,225,1250000,0.5,8.3,6,0
Clawitzer,water,,500,73,88,71,120,89,59,3840,70,55,1250000,1.3,35.3,6,0
Helioptile,electric,normal,289,38,33,44,61,43,70,5120,70,190,1000000,0.5,6,6,0
Heliolisk,electric,normal,481,55,52,62,109,94,109,5120,70,75,1000000,1,21,6,0
Tyrunt,rock,dragon,362,89,77,58,45,45,48,7680,70,45,1000000,0.8,26,6,0
Tyrantrum,rock,dragon,521,121,119,82,69,59,71,7680,70,45,1000000,2.5,270,6,0
Amaura,rock,ice,362,59,50,77,67,63,46,7680,70,45,1000000,1.3,25.2,6,0
Aurorus,rock,ice,521,77,72,123,99,92,58,7680,70,45,1000000,2.7,225,6,0
Sylveon,fairy,,525,65,65,95,110,130,60,8960,70,45,1000000,1,23.5,6,0
Hawlucha,fighting,flying,500,92,75,78,74,63,118,5120,70,100,1000000,0.8,21.5,6,0
Dedenne,electric,fairy,431,58,57,67,81,67,101,5120,70,180,1000000,0.2,2.2,6,0
Carbink,rock,fairy,500,50,150,50,50,150,50,6400,70,60,1250000,0.3,5.7,6,0
Goomy,dragon,,300,50,35,45,55,75,40,10240,35,45,1250000,0.3,2.8,6,0
Sliggoo,dragon,,452,75,53,68,83,113,60,10240,35,45,1250000,0.8,17.5,6,0
Goodra,dragon,,600,100,70,90,110,150,80,10240,35,45,1250000,2,150.5,6,0
Klefki,steel,fairy,470,80,91,57,80,87,75,5120,70,75,800000,0.2,3,6,0
Phantump,ghost,grass,309,70,48,43,50,60,38,5120,70,120,1000000,0.4,7,6,0
Trevenant,ghost,grass,474,110,76,85,65,82,56,5120,70,60,1000000,1.5,71,6,0
Pumpkaboo,ghost,grass,335,66,70,59,44,55,41,5120,70,120,1000000,0.8,15,6,0
Gourgeist,ghost,grass,494,100,122,85,58,75,54,5120,70,60,1000000,1.7,39,6,0
Bergmite,ice,,304,69,85,55,32,35,28,5120,70,190,1000000,1,99.5,6,0
Avalugg,ice,,514,117,184,95,44,46,28,5120,70,55,1000000,2,505,6,0
Noibat,flying,dragon,245,30,35,40,45,40,55,5120,70,190,1000000,0.5,8,6,0
Noivern,flying,dragon,535,70,80,85,97,80,123,5120,70,45,1000000,1.5,85,6,0
Xerneas,fairy,,680,131,95,126,131,98,99,30720,0,45,1250000,3,215,6,1
Yveltal,dark,flying,680,131,95,126,131,98,99,30720,0,45,1250000,5.8,203,6,1
Zygarde,dragon,ground,708,100,121,216,91,95,85,30720,0,3,1250000,5,284.6,6,1
Diancie,rock,fairy,700,160,110,50,160,110,110,6400,70,3,1250000,0.7,8.8,6,1
Hoopa,psychic,ghost,680,160,60,80,170,130,80,30720,100,3,1250000,,,6,1
Volcanion,fire,water,600,110,120,80,130,90,70,30720,100,3,1250000,1.7,195,6,1
Rowlet,grass,flying,320,55,55,68,50,50,42,3840,70,45,1059860,0.3,1.5,7,0
Dartrix,grass,flying,420,75,75,78,70,70,52,3840,70,45,1059860,0.7,16,7,0
Decidueye,grass,ghost,530,107,75,78,100,100,70,3840,70,45,1059860,1.6,36.6,7,0
Litten,fire,,320,65,40,45,60,40,70,3840,70,45,1059860,0.4,4.3,7,0
Torracat,fire,,420,85,50,65,80,50,90,3840,70,45,1059860,0.7,25,7,0
Incineroar,fire,dark,530,115,90,95,80,90,60,3840,70,45,1059860,1.8,83,7,0
Popplio,water,,320,54,54,50,66,56,40,3840,70,45,1059860,0.4,7.5,7,0
Brionne,water,,420,69,69,60,91,81,50,3840,70,45,1059860,0.6,17.5,7,0
Primarina,water,fairy,530,74,74,80,126,116,60,3840,70,45,1059860,1.8,44,7,0
Pikipek,normal,flying,265,75,30,35,30,30,65,3840,70,255,1000000,0.3,1.2,7,0
Trumbeak,normal,flying,355,85,50,55,40,50,75,3840,70,120,1000000,0.6,14.8,7,0
Toucannon,normal,flying,485,120,75,80,75,75,60,3840,70,45,1000000,1.1,26,7,0
Yungoos,normal,,253,70,30,48,30,30,45,3840,70,255,1000000,0.4,6,7,0
Gumshoos,normal,,418,110,60,88,55,60,45,3840,70,127,1000000,0.7,14.2,7,0
Grubbin,bug,,300,62,45,47,55,45,46,3840,70,255,1000000,0.4,4.4,7,0
Charjabug,bug,electric,400,82,95,57,55,75,36,3840,70,120,1000000,0.5,10.5,7,0
Vikavolt,bug,electric,500,70,90,77,145,75,43,3840,70,45,1000000,1.5,45,7,0
Crabrawler,fighting,,338,82,57,47,42,47,63,5120,70,225,1000000,0.6,7,7,0
Crabominable,fighting,ice,478,132,77,97,62,67,43,5120,70,60,1000000,1.7,180,7,0
Oricorio,fire,flying,476,70,70,75,98,70,93,5120,70,45,1000000,0.6,3.4,7,0
Cutiefly,bug,fairy,304,45,40,40,55,40,84,5120,70,190,1000000,0.1,0.2,7,0
Ribombee,bug,fairy,464,55,60,60,95,70,124,5120,70,75,1000000,0.2,0.5,7,0
Rockruff,rock,,280,65,40,45,30,40,60,3840,70,190,1000000,0.5,9.2,7,0
Lycanroc,rock,,487,115,75,85,55,75,82,3840,70,90,1000000,,,7,0
Wishiwashi,water,,620,140,130,45,140,135,30,3840,70,60,800000,0.2,0.3,7,0
Mareanie,poison,water,305,53,62,50,43,52,45,5120,70,190,1000000,0.4,8,7,0
Toxapex,poison,water,495,63,152,50,53,142,35,5120,70,75,1000000,0.7,14.5,7,0
Mudbray,ground,,385,100,70,70,45,55,45,5120,70,190,1000000,1,110,7,0
Mudsdale,ground,,500,125,100,100,55,85,35,5120,70,60,1000000,2.5,920,7,0
Dewpider,water,bug,269,40,52,38,40,72,27,3840,70,200,1000000,0.3,4,7,0
Araquanid,water,bug,454,70,92,68,50,132,42,3840,70,100,1000000,1.8,82,7,0
Fomantis,grass,,250,55,35,40,50,35,35,5120,70,190,1000000,0.3,1.5,7,0
Lurantis,grass,,480,105,90,70,80,90,45,5120,70,75,1000000,0.9,18.5,7,0
Morelull,grass,fairy,285,35,55,40,65,75,15,5120,70,190,1000000,0.2,1.5,7,0
Shiinotic,grass,fairy,405,45,80,60,90,100,30,5120,70,75,1000000,1,11.5,7,0
Salandit,poison,fire,320,44,40,48,71,40,77,5120,70,120,1000000,0.6,4.8,7,0
Salazzle,poison,fire,480,64,60,68,111,60,117,5120,70,45,1000000,1.2,22.2,7,0
Stufful,normal,fighting,340,75,50,70,45,50,50,3840,70,140,1000000,0.5,6.8,7,0
Bewear,normal,fighting,500,125,80,120,55,60,60,3840,70,70,1000000,2.1,135,7,0
Bounsweet,grass,,210,30,38,42,30,38,32,5120,70,235,1059860,0.3,3.2,7,0
Steenee,grass,,290,40,48,52,40,48,62,5120,70,120,1059860,0.7,8.2,7,0
Tsareena,grass,,510,120,98,72,50,98,72,5120,70,45,1059860,1.2,21.4,7,0
Comfey,fairy,,485,52,90,51,82,110,100,5120,70,60,800000,0.1,0.3,7,0
Oranguru,normal,psychic,490,60,80,90,90,110,60,5120,70,45,1250000,1.5,76,7,0
Passimian,fighting,,490,120,90,100,40,60,80,5120,70,45,1250000,2,82.8,7,0
Wimpod,bug,water,230,35,40,25,20,30,80,5120,70,90,1000000,0.5,12,7,0
Golisopod,bug,water,530,125,140,75,60,90,40,5120,70,45,1000000,2,108,7,0
Sandygast,ghost,ground,320,55,80,55,70,45,15,3840,70,140,1000000,0.5,70,7,0
Palossand,ghost,ground,480,75,110,85,100,75,35,3840,70,60,1000000,1.3,250,7,0
Pyukumuku,water,,410,60,130,55,30,130,5,3840,70,60,800000,0.3,1.2,7,0
Type: Null,normal,,534,95,95,95,95,95,59,30720,0,3,1250000,1.9,120.5,7,0
Silvally,normal,,570,95,95,95,95,95,95,30720,0,3,1250000,2.3,100.5,7,0
Minior,rock,flying,500,100,60,60,100,60,120,6400,70,30 (Meteorite)255 (Core),1059860,0.3,40,7,0
Komala,normal,,480,115,65,65,75,95,65,5120,70,45,1250000,0.4,19.9,7,0
Turtonator,fire,dragon,485,78,135,60,91,85,36,5120,70,70,1000000,2,212,7,0
Togedemaru,electric,steel,435,98,63,65,40,73,96,2560,70,180,1000000,0.3,3.3,7,0
Mimikyu,ghost,fairy,476,90,80,55,50,105,96,5120,70,45,1000000,0.2,0.7,7,0
Bruxish,water,psychic,475,105,70,68,70,70,92,3840,70,80,1000000,0.9,19,7,0
Drampa,normal,dragon,485,60,85,78,135,91,36,5120,70,70,1000000,3,185,7,0
Dhelmise,ghost,grass,517,131,100,70,86,90,40,6400,70,25,1000000,3.9,210,7,0
Jangmo-o,dragon,,300,55,65,45,45,45,45,10240,70,45,1250000,0.6,29.7,7,0
Hakamo-o,dragon,fighting,420,75,90,55,65,70,65,10240,70,45,1250000,1.2,47,7,0
Kommo-o,dragon,fighting,600,110,125,75,100,105,85,10240,70,45,1250000,1.6,78.2,7,0
Tapu Koko,electric,fairy,570,115,85,70,95,75,130,3840,70,3,1250000,1.8,20.5,7,1
Tapu Lele,psychic,fairy,570,85,75,70,130,115,95,3840,70,3,1250000,1.2,18.6,7,1
Tapu Bulu,grass,fairy,570,130,115,70,85,95,75,3840,70,3,1250000,1.9,45.5,7,1
Tapu Fini,water,fairy,570,75,115,70,95,130,85,3840,70,3,1250000,1.3,21.2,7,1
Cosmog,psychic,,200,29,31,43,29,31,37,30720,0,45,1250000,0.2,0.1,7,1
Cosmoem,psychic,,400,29,131,43,29,131,37,30720,0,45,1250000,0.1,999.9,7,1
Solgaleo,psychic,steel,680,137,107,137,113,89,97,30720,0,45,1250000,3.4,230,7,1
Lunala,psychic,ghost,680,113,89,137,137,107,97,30720,0,45,1250000,4,120,7,1
Nihilego,rock,poison,570,53,47,109,127,131,103,30720,0,45,1250000,1.2,55.5,7,1
Buzzwole,bug,fighting,570,139,139,107,53,53,79,30720,0,25,1250000,2.4,333.6,7,1
Pheromosa,bug,fighting,570,137,37,71,137,37,151,30720,0,255,1250000,1.8,25,7,1
Xurkitree,electric,,570,89,71,83,173,71,83,30720,0,30,1250000,3.8,100,7,1
Celesteela,steel,flying,570,101,103,97,107,101,61,30720,0,25,1250000,9.2,999.9,7,1
Kartana,grass,steel,570,181,131,59,59,31,109,30720,0,255,1250000,0.3,0.1,7,1
Guzzlord,dark,dragon,570,101,53,223,97,53,43,30720,0,15,1250000,5.5,888,7,1
Necrozma,psychic,,600,107,101,97,127,89,79,30720,0,3,1250000,2.4,230,7,1
Magearna,steel,fairy,600,95,115,80,130,115,65,30720,0,3,1250000,1,80.5,7,1